{"cameraMode":{"drawMode":0,"name":"Shaded","section":"Shading Mode"},"sceneLighting":true,"audioPlay":false,"sceneViewState":{"m_AlwaysRefresh":false,"showFog":true,"showSkybox":true,"showFlares":true,"showImageEffects":true,"showParticleSystems":true,"showVisualEffectGraphs":true,"m_FxEnabled":true},"in2DMode":false,"pivot":{"x":0.8683981895446777,"y":-3.8000001907348635,"z":-15.888398170471192},"rotation":{"x":-0.012305470183491707,"y":-0.0009214956080541015,"z":-0.000006047983333701268,"w":-0.9999846816062927},"size":0.7071067690849304,"orthographic":false}