{"cameraMode":{"drawMode":0,"name":"Shaded","section":"Shading Mode"},"sceneLighting":true,"audioPlay":false,"sceneViewState":{"m_AlwaysRefresh":false,"showFog":true,"showSkybox":true,"showFlares":true,"showImageEffects":true,"showParticleSystems":true,"showVisualEffectGraphs":true,"m_FxEnabled":true},"in2DMode":false,"pivot":{"x":579.3880615234375,"y":1239.64697265625,"z":-1721.538818359375},"rotation":{"x":-0.09013168513774872,"y":0.03492911159992218,"z":-0.0031807846389710905,"w":-0.9953726530075073},"size":0.9881066679954529,"orthographic":false}