{"cameraMode":{"drawMode":0,"name":"Shaded","section":"Shading Mode"},"sceneLighting":true,"audioPlay":false,"sceneViewState":{"m_AlwaysRefresh":false,"showFog":true,"showSkybox":true,"showFlares":true,"showImageEffects":true,"showParticleSystems":true,"showVisualEffectGraphs":true,"m_FxEnabled":true},"in2DMode":false,"pivot":{"x":578.6066284179688,"y":132.1626434326172,"z":-645.410888671875},"rotation":{"x":0.04768000915646553,"y":0.005083267576992512,"z":0.00006731323810527101,"w":-0.9989150166511536},"size":0.7071067690849304,"orthographic":false}