{"cameraMode":{"drawMode":0,"name":"Shaded","section":"Shading Mode"},"sceneLighting":true,"audioPlay":false,"sceneViewState":{"m_AlwaysRefresh":false,"showFog":true,"showSkybox":true,"showFlares":true,"showImageEffects":true,"showParticleSystems":true,"showVisualEffectGraphs":true,"m_FxEnabled":true},"in2DMode":false,"pivot":{"x":639.0089111328125,"y":1595.0340576171875,"z":-809.0843505859375},"rotation":{"x":0.14170165359973908,"y":-0.017230097204446794,"z":-0.0025760778225958349,"w":-0.9898189902305603},"size":0.7071067690849304,"orthographic":false}