{"cameraMode":{"drawMode":0,"name":"Shaded","section":"Shading Mode"},"sceneLighting":false,"audioPlay":false,"sceneViewState":{"m_AlwaysRefresh":false,"showFog":true,"showSkybox":false,"showFlares":true,"showImageEffects":true,"showParticleSystems":true,"showVisualEffectGraphs":true,"m_FxEnabled":true},"in2DMode":false,"pivot":{"x":0.10334110260009766,"y":0.02093449980020523,"z":-0.44271087646484377},"rotation":{"x":-0.07770916819572449,"y":-0.22182922065258027,"z":0.01781907118856907,"w":-0.9718649387359619},"size":0.24994999170303346,"orthographic":false}