{"cameraMode":{"drawMode":0,"name":"Shaded","section":"Shading Mode"},"sceneLighting":false,"audioPlay":false,"sceneViewState":{"m_AlwaysRefresh":false,"showFog":true,"showSkybox":false,"showFlares":true,"showImageEffects":true,"showParticleSystems":true,"showVisualEffectGraphs":true,"m_FxEnabled":true},"in2DMode":false,"pivot":{"x":-0.23293665051460267,"y":0.054022517055273059,"z":0.2669192850589752},"rotation":{"x":-0.0540040023624897,"y":-0.09959983825683594,"z":0.005495944991707802,"w":-0.9935901761054993},"size":0.24994999170303346,"orthographic":false}